WKT,name,description
"LINESTRING (-157.8148228 21.299824, -122.4507187 37.7765643)",University of Hawaii at Manoa & University of San Francisco,2393.7287212130614 mi
"LINESTRING (-123.2794442 44.56378060000001, -122.6833385 45.51111529999999)",Oregon State University & Portland State University,71.709774609717 mi
"LINESTRING (-123.2794442 44.56378060000001, -123.0726055 44.0448302)",Oregon State University & University of Oregon,37.32601648279187 mi
"LINESTRING (-122.7275712 45.5732046, -122.3178465 47.6091765)",University of Portland & Seattle University,142.16252047221286 mi
"LINESTRING (-122.7275712 45.5732046, -122.6833385 45.51111529999999)",University of Portland & Portland State University,4.79945698963519 mi
"LINESTRING (-122.4507187 37.7765643, -122.2594606 37.870151)",University of San Francisco & University of California Berkeley,12.292027332968733 mi
"LINESTRING (-122.4507187 37.7765643, -122.17006 37.42766)",University of San Francisco & Stanford University,28.616938985777193 mi
"LINESTRING (-122.3178465 47.6091765, -122.3074579 47.65464069999999)",Seattle University & University of Washington,3.1817036667130743 mi
"LINESTRING (-122.3074579 47.65464069999999, -117.5847877 47.4906616)",University of Washington & Eastern Washington University,220.6366051205716 mi
"LINESTRING (-122.2594606 37.870151, -122.1089374 37.8408837)",University of California Berkeley & Saint Mary's College of California,8.465940001183379 mi
"LINESTRING (-122.17006 37.42766, -121.9367804 37.3489255)",Stanford University & Santa Clara University,13.92887668716918 mi
"LINESTRING (-122.1089374 37.8408837, -121.3128577 37.97988689999999)",Saint Mary's College of California & University of the Pacific,44.49404555030936 mi
"LINESTRING (-121.9367804 37.3489255, -121.8810715 37.3351874)",Santa Clara University & San Jos√© State University,3.2074240794540927 mi
"LINESTRING (-121.7617125 38.5382322, -121.4276493 38.564761)",University of California Davis & California State University Sacramento,18.163143572526653 mi
"LINESTRING (-121.4276493 38.564761, -121.3128577 37.97988689999999)",California State University Sacramento & University of the Pacific,40.93162416215069 mi
"LINESTRING (-121.4276493 38.564761, -119.8141582 39.5437205)",California State University Sacramento & University of Nevada Reno,109.97630046161582 mi
"LINESTRING (-121.3128577 37.97988689999999, -119.7461767 36.8136777)",University of the Pacific & California State University Fresno,117.97065017612245 mi
"LINESTRING (-120.6624942 35.3050053, -119.848947 34.4139629)",California Polytechnic State University & University of California Santa Barbara,77.00820155206794 mi
"LINESTRING (-119.848947 34.4139629, -118.709596 34.0415037)",University of California Santa Barbara & Pepperdine University,70.06490888642499 mi
"LINESTRING (-119.848947 34.4139629, -119.1033448 35.3486641)",University of California Santa Barbara & California State University Bakersfield,77.26203387162107 mi
"LINESTRING (-119.7461767 36.8136777, -119.1033448 35.3486641)",California State University Fresno & California State University Bakersfield,107.51321996030953 mi
"LINESTRING (-118.709596 34.0415037, -118.4438495 34.0699182)",Pepperdine University & University of California Los Angeles,15.35482696333557 mi
"LINESTRING (-118.5300196 34.2406756, -118.4438495 34.0699182)",California State University Northridge & University of California Los Angeles,12.799300123754804 mi
"LINESTRING (-118.4438495 34.0699182, -118.4170134 33.97095410000001)",University of California Los Angeles & Loyola Marymount University,7.015850100979724 mi
"LINESTRING (-118.4170134 33.97095410000001, -118.285117 34.0223519)",Loyola Marymount University & University of Southern California,8.357372403256651 mi
"LINESTRING (-118.285117 34.0223519, -118.1140904 33.7838235)",University of Southern California & California State University Long Beach,19.19881329759154 mi
"LINESTRING (-118.1140904 33.7838235, -117.8851033 33.8823476)",California State University Long Beach & California State University Fullerton,14.81656046887552 mi
"LINESTRING (-117.8851033 33.8823476, -117.4259155 33.9288906)",California State University Fullerton & California Baptist University,26.55596440350644 mi
"LINESTRING (-117.8851033 33.8823476, -117.8416747 33.6423814)",California State University Fullerton & University of California Irvine,16.7846484706199 mi
"LINESTRING (-117.8416747 33.6423814, -117.2340135 32.8800604)",University of California Irvine & University of California San Diego,63.36666432269202 mi
"LINESTRING (-117.5847877 47.4906616, -117.4021153 47.6658548)",Eastern Washington University & Gonzaga University,14.815011039011457 mi
"LINESTRING (-117.5847877 47.4906616, -117.1542121 46.7319225)",Eastern Washington University & Washington State University,56.257864112252186 mi
"LINESTRING (-117.4259155 33.9288906, -117.3280644 33.9737055)",California Baptist University & University of California Riverside,6.413102924826672 mi
"LINESTRING (-117.3280644 33.9737055, -115.1435252 36.107496)",University of California Riverside & University of Nevada Las Vegas,192.5668351013231 mi
"LINESTRING (-117.2340135 32.8800604, -117.1888625 32.7721681)",University of California San Diego & University of San Diego,7.910612008980639 mi
"LINESTRING (-117.1888625 32.7721681, -117.0714068 32.7774047)",University of San Diego & San Diego State University,6.840383265778969 mi
"LINESTRING (-117.1542121 46.7319225, -117.0126084 46.72881239999999)",Washington State University & University of Idaho,6.716817331150544 mi
"LINESTRING (-117.0126084 46.72881239999999, -113.9845969 46.8619309)",University of Idaho & University of Montana,143.66999447321578 mi
"LINESTRING (-116.2009765 43.6023364, -112.429762 42.8627836)",Boise State University & Idaho State University,196.7899982753629 mi
"LINESTRING (-115.1435252 36.107496, -113.56541 37.1028746)",University of Nevada Las Vegas & Utah Tech University,111.43364998625316 mi
"LINESTRING (-113.9845969 46.8619309, -111.0546211 45.66735239999999)",University of Montana & Montana State University,162.63712853610994 mi
"LINESTRING (-113.56541 37.1028746, -113.0713001 37.6764461)",Utah Tech University & Southern Utah University,48.07513429407632 mi
"LINESTRING (-113.56541 37.1028746, -111.6540336 35.1802684)",Utah Tech University & Northern Arizona University,170.52701713882627 mi
"LINESTRING (-113.0713001 37.6764461, -111.6493156 40.2518435)",Southern Utah University & Brigham Young University,193.84769652856417 mi
"LINESTRING (-112.429762 42.8627836, -111.8097425 41.745161)",Idaho State University & Utah State University,83.55611874168322 mi
"LINESTRING (-112.429762 42.8627836, -111.0546211 45.66735239999999)",Idaho State University & Montana State University,205.58660902518184 mi
"LINESTRING (-112.1288588 33.5100339, -111.9264972 33.42316849999999)",Grand Canyon University & Arizona State University,13.131410898034108 mi
"LINESTRING (-112.1288588 33.5100339, -111.6540336 35.1802684)",Grand Canyon University & Northern Arizona University,118.66499750578433 mi
"LINESTRING (-111.9440252 41.1913021, -111.8097425 41.745161)",Weber State University & Utah State University,38.93602503634193 mi
"LINESTRING (-111.9440252 41.1913021, -111.8421021 40.7649368)",Weber State University & The University of Utah,29.966990135733877 mi
"LINESTRING (-111.9264972 33.42316849999999, -110.9501094 32.2318851)",Arizona State University & The University of Arizona,100.04817927682697 mi
"LINESTRING (-111.8421021 40.7649368, -111.7153739 40.2787626)",The University of Utah & Utah Valley University,34.28117363249726 mi
"LINESTRING (-111.7153739 40.2787626, -111.6493156 40.2518435)",Utah Valley University & Brigham Young University,3.952507808441738 mi
"LINESTRING (-110.9501094 32.2318851, -106.7491391 32.27928869999999)",The University of Arizona & New Mexico State University,245.7343460488941 mi
"LINESTRING (-106.7491391 32.27928869999999, -106.5047208 31.7731979)",New Mexico State University & The University of Texas at El Paso,37.82559041095294 mi
"LINESTRING (-106.7491391 32.27928869999999, -106.6197812 35.0843187)",New Mexico State University & The University of New Mexico,194.15936536760154 mi
"LINESTRING (-106.6197812 35.0843187, -104.8613176 38.9983094)",The University of New Mexico & United States Air Force Academy,287.58425805758844 mi
"LINESTRING (-106.6197812 35.0843187, -101.8746483 33.5845522)",The University of New Mexico & Texas Tech University,290.15520399188694 mi
"LINESTRING (-105.5665744 41.3148754, -105.0848391 40.5729432)",University of Wyoming & Colorado State University,57.15693880064578 mi
"LINESTRING (-105.2659871 40.0073499, -104.9618965 39.6766174)",University of Colorado Boulder & University of Denver,28.002014359615846 mi
"LINESTRING (-105.2659871 40.0073499, -105.0848391 40.5729432)",University of Colorado Boulder & Colorado State University,40.271103600926565 mi
"LINESTRING (-105.0848391 40.5729432, -104.6944603 40.4062697)",Colorado State University & University of Northern Colorado,23.549928196589356 mi
"LINESTRING (-104.9618965 39.6766174, -104.8613176 38.9983094)",University of Denver & United States Air Force Academy,47.22430969997185 mi
"LINESTRING (-101.8746483 33.5845522, -99.7080103 32.4700922)",Texas Tech University & Abilene Christian University,147.40056198242368 mi
"LINESTRING (-99.7080103 32.4700922, -98.215953 32.2160433)",Abilene Christian University & Tarleton State University,88.94319398613383 mi
"LINESTRING (-98.61987789999999 29.5830733, -98.4676824 29.4675393)",The University of Texas at San Antonio & University of the Incarnate Word,12.155781861114722 mi
"LINESTRING (-98.4676824 29.4675393, -97.938351 29.888411)",University of the Incarnate Word & Texas State University,43.11930734143267 mi
"LINESTRING (-98.4676824 29.4675393, -97.32457389999999 27.7123121)",University of the Incarnate Word & Texas A&M University-Corpus Christi,139.85045438273525 mi
"LINESTRING (-98.215953 32.2160433, -97.36280409999999 32.7078531)",Tarleton State University & Texas Christian University,60.300353454312805 mi
"LINESTRING (-98.215953 32.2160433, -97.11354 31.5500848)",Tarleton State University & Baylor University,79.45933037861867 mi
"LINESTRING (-98.17401579999999 26.30819829999999, -97.32457389999999 27.7123121)",The University of Texas Rio Grande Valley & Texas A&M University-Corpus Christi,110.32606219512907 mi
"LINESTRING (-97.938351 29.888411, -97.7340567 30.2849185)",Texas State University & The University of Texas at Austin,30.02736246373043 mi
"LINESTRING (-97.7340567 30.2849185, -96.33646549999999 30.6186806)",The University of Texas at Austin & Texas A&M University,86.4707916981321 mi
"LINESTRING (-97.4448963 35.1987162, -97.07372219999999 36.12702360000001)",The University of Oklahoma & Oklahoma State University,67.51144520492709 mi
"LINESTRING (-97.36280409999999 32.7078531, -97.11519709999999 32.7292117)",Texas Christian University & The University of Texas at Arlington,14.48453105826005 mi
"LINESTRING (-97.28994209999999 37.7191442, -97.07372219999999 36.12702360000001)",Wichita State University & Oklahoma State University,110.76985118504007 mi
"LINESTRING (-97.28994209999999 37.7191442, -96.5847249 39.1974437)",Wichita State University & Kansas State University,109.15033838553622 mi
"LINESTRING (-97.1525862 33.207488, -96.78451749999999 32.8412178)",University of North Texas & Southern Methodist University,33.12742429245618 mi
"LINESTRING (-97.11519709999999 32.7292117, -96.78451749999999 32.8412178)",The University of Texas at Arlington & Southern Methodist University,20.73081116607227 mi
"LINESTRING (-97.11354 31.5500848, -96.33646549999999 30.6186806)",Baylor University & Texas A&M University,79.17694885579128 mi
"LINESTRING (-97.0768014 47.922891, -96.8024367 46.8977528)",University of North Dakota & North Dakota State University,72.05965388984555 mi
"LINESTRING (-97.07372219999999 36.12702360000001, -95.9528284 36.05080929999999)",Oklahoma State University & Oral Roberts University,62.872758387442076 mi
"LINESTRING (-96.92533809999999 42.7883015, -96.78351819999999 44.3191071)",University of South Dakota & South Dakota State University,106.12017805434984 mi
"LINESTRING (-96.92533809999999 42.7883015, -96.010696 41.2580268)",University of South Dakota & University of Nebraska Omaha,115.80765389759071 mi
"LINESTRING (-96.8024367 46.8977528, -96.78351819999999 44.3191071)",North Dakota State University & South Dakota State University,178.36056153770164 mi
"LINESTRING (-96.78451749999999 32.8412178, -95.91041489999999 33.24066449999999)",Southern Methodist University & Texas A&M University-Commerce,57.72321073334249 mi
"LINESTRING (-96.70047629999999 40.82019659999999, -96.5847249 39.1974437)",University of Nebraska-Lincoln & Kansas State University,112.40895667621481 mi
"LINESTRING (-96.70047629999999 40.82019659999999, -96.010696 41.2580268)",University of Nebraska-Lincoln & University of Nebraska Omaha,47.0325794022688 mi
"LINESTRING (-96.5847249 39.1974437, -95.2557961 38.95434389999999)",Kansas State University & University of Kansas,73.31099008507472 mi
"LINESTRING (-96.33646549999999 30.6186806, -95.9907076 30.0954974)",Texas A&M University & Prairie View A&M University,41.65767989191475 mi
"LINESTRING (-96.33646549999999 30.6186806, -95.547276 30.7135813)",Texas A&M University & Sam Houston State University,47.40902460547315 mi
"LINESTRING (-96.010696 41.2580268, -95.94638619999999 41.26555210000001)",University of Nebraska Omaha & Creighton University,3.383956802129649 mi
"LINESTRING (-95.9907076 30.0954974, -95.51621569999999 29.6946466)",Prairie View A&M University & Houston Christian University,39.72722509066079 mi
"LINESTRING (-95.9528284 36.05080929999999, -95.94607529999999 36.1520526)",Oral Roberts University & The University of Tulsa,7.012897957035072 mi
"LINESTRING (-95.94607529999999 36.1520526, -94.1748471 36.0686895)",The University of Tulsa & University of Arkansas,99.14120496546681 mi
"LINESTRING (-95.547276 30.7135813, -94.64664379999999 31.6216141)",Sam Houston State University & Stephen F. Austin State University,82.37510134522428 mi
"LINESTRING (-95.51621569999999 29.6946466, -95.40183119999999 29.7173941)",Houston Christian University & Rice University,7.049740195720025 mi
"LINESTRING (-95.40183119999999 29.7173941, -95.35926909999999 29.7214214)",Rice University & Texas Southern University,2.5718086236768274 mi
"LINESTRING (-95.35926909999999 29.7214214, -95.3422334 29.7199489)",Texas Southern University & University of Houston,1.0283667155496794 mi
"LINESTRING (-95.3422334 29.7199489, -94.0747071 30.0392256)",University of Houston & Lamar University,79.15987122422149 mi
"LINESTRING (-95.2557961 38.95434389999999, -94.58342739999999 39.0343551)",University of Kansas & University of Missouri-Kansas City,36.56595769812014 mi
"LINESTRING (-94.1748471 36.0686895, -93.2806806 37.20055459999999)",University of Arkansas & Missouri State University,92.69257126069958 mi
"LINESTRING (-94.1748471 36.0686895, -92.4578916 35.0780939)",University of Arkansas & University of Central Arkansas,118.42339995178004 mi
"LINESTRING (-94.0747071 30.0392256, -93.2152198 30.1776851)",Lamar University & McNeese State University,52.31151844712915 mi
"LINESTRING (-93.6546481 41.6030995, -93.64645159999999 42.0266573)",Drake University & Iowa State University,29.299437893420603 mi
"LINESTRING (-93.64645159999999 42.0266573, -92.46464689999999 42.5121517)",Iowa State University & University of Northern Iowa,69.18361713623518 mi
"LINESTRING (-93.2277285 44.97399, -93.1897082 44.943096)",University of Minnesota & University of St. Thomas,2.8335483940592954 mi
"LINESTRING (-93.2152198 30.1776851, -92.019914 30.211991)",McNeese State University & University of Louisiana at Lafayette,71.49775188844008 mi
"LINESTRING (-93.1897082 44.943096, -92.46464689999999 42.5121517)",University of St. Thomas & University of Northern Iowa,172.0011424139254 mi
"LINESTRING (-93.097876 31.7489726, -92.7179736 32.5197213)",Northwestern State University & Grambling State University,57.767929811844205 mi
"LINESTRING (-92.7179736 32.5197213, -92.6522174 32.5299582)",Grambling State University & Louisiana Tech University,3.899660445602676 mi
"LINESTRING (-92.6522174 32.5299582, -92.068744 32.5313471)",Louisiana Tech University & University of Louisiana Monroe,34.02552034843781 mi
"LINESTRING (-92.46464689999999 42.5121517, -91.5549771 41.66270780000001)",University of Northern Iowa & The University of Iowa,75.04787173679722 mi
"LINESTRING (-92.4578916 35.0780939, -92.3378705 34.7252717)",University of Central Arkansas & University of Arkansas at Little Rock,25.335724815307284 mi
"LINESTRING (-92.3378705 34.7252717, -92.0217418 34.2473695)",University of Arkansas at Little Rock & University of Arkansas Pine Bluff,37.64941217362052 mi
"LINESTRING (-92.32773750000001 38.94038079999999, -90.49747719999999 38.7859638)",University of Missouri & Lindenwood University,99.14748084652176 mi
"LINESTRING (-92.068744 32.5313471, -91.1365733 31.8741511)",University of Louisiana Monroe & Alcorn State University,71.01205023939008 mi
"LINESTRING (-92.0217418 34.2473695, -90.3416715 33.51269819999999)",University of Arkansas Pine Bluff & Mississippi Valley State University,109.03726692049406 mi
"LINESTRING (-92.019914 30.211991, -91.1800023 30.4132579)",University of Louisiana at Lafayette & Louisiana State University,52.0481662475294 mi
"LINESTRING (-91.5549771 41.66270780000001, -90.6837163 40.4674396)",The University of Iowa & Western Illinois University,94.33499575312153 mi
"LINESTRING (-91.1929407 30.5265222, -91.1800023 30.4132579)",Southern University and A&M College & Louisiana State University,7.872076084196926 mi
"LINESTRING (-91.1800023 30.4132579, -90.4710715 30.5178932)",Louisiana State University & Southeastern Louisiana University,42.879941857542136 mi
"LINESTRING (-91.1365733 31.8741511, -90.2063989 32.2968882)",Alcorn State University & Jackson State University,61.85715901008231 mi
"LINESTRING (-90.8028911 29.7903032, -90.12031669999999 29.9407282)",Nicholls State University & Tulane University,42.24327084347795 mi
"LINESTRING (-90.6837163 40.4674396, -89.6153484 40.6977743)",Western Illinois University & Bradley University,58.338931372062895 mi
"LINESTRING (-90.67485889999999 35.8430861, -89.9374928 35.1187498)",Arkansas State University & University of Memphis,65.07553140537254 mi
"LINESTRING (-90.49747719999999 38.7859638, -90.23364079999999 38.63482369999999)",Lindenwood University & Saint Louis University,17.66521871975534 mi
"LINESTRING (-90.4710715 30.5178932, -90.0680105 30.0273134)",Southeastern Louisiana University & The University of New Orleans,41.60632151455689 mi
"LINESTRING (-90.4710715 30.5178932, -89.33345349999999 31.3298668)",Southeastern Louisiana University & The University of Southern Mississippi,87.80863923871301 mi
"LINESTRING (-90.3416715 33.51269819999999, -90.2063989 32.2968882)",Mississippi Valley State University & Jackson State University,84.46048330243526 mi
"LINESTRING (-90.3416715 33.51269819999999, -89.5383818 34.36473489999999)",Mississippi Valley State University & University of Mississippi,74.81865951749003 mi
"LINESTRING (-90.23364079999999 38.63482369999999, -89.9996714 38.7951375)",Saint Louis University & Southern Illinois University Edwardsville,16.80469842105612 mi
"LINESTRING (-90.23364079999999 38.63482369999999, -89.2229983 37.7079717)",Saint Louis University & Southern Illinois University,84.43780292788595 mi
"LINESTRING (-90.2063989 32.2968882, -89.33345349999999 31.3298668)",Jackson State University & The University of Southern Mississippi,84.29829625862159 mi
"LINESTRING (-90.12031669999999 29.9407282, -90.0680105 30.0273134)",Tulane University & The University of New Orleans,6.759184055403009 mi
"LINESTRING (-89.9374928 35.1187498, -89.5383818 34.36473489999999)",University of Memphis & University of Mississippi,56.87280767409306 mi
"LINESTRING (-89.6153484 40.6977743, -88.99476299999999 40.5121009)",Bradley University & Illinois State University,35.02786332716906 mi
"LINESTRING (-89.5383818 34.36473489999999, -88.79437659999999 33.45517419999999)",University of Mississippi & Mississippi State University,76.03818000880773 mi
"LINESTRING (-89.52804379999999 37.3148783, -88.86433319999999 36.3429724)",Southeast Missouri State University & University of Tennessee at Martin,76.61086893133435 mi
"LINESTRING (-89.52804379999999 37.3148783, -89.2229983 37.7079717)",Southeast Missouri State University & Southern Illinois University,31.927486861439125 mi
"LINESTRING (-89.4124875 43.07659200000001, -87.93101399999999 43.03869549999999)",University of Wisconsin-Madison & Marquette University,74.91611705694727 mi
"LINESTRING (-89.33345349999999 31.3298668, -88.184236 30.6959406)",The University of Southern Mississippi & University of South Alabama,81.01556700618359 mi
"LINESTRING (-89.2229983 37.7079717, -87.6727294 37.9634036)",Southern Illinois University & University of Southern Indiana,86.50801447102383 mi
"LINESTRING (-88.99476299999999 40.5121009, -88.2271615 40.1019523)",Illinois State University & University of Illinois Urbana-Champaign,49.437354332200265 mi
"LINESTRING (-88.86433319999999 36.3429724, -88.3209372 36.616251)",University of Tennessee at Martin & Murray State University,35.645407290719206 mi
"LINESTRING (-88.79437659999999 33.45517419999999, -87.5401002 33.2114385)",Mississippi State University & The University of Alabama,74.41697043537633 mi
"LINESTRING (-88.7734365 41.935056, -87.67526699999999 42.05645939999999)",Northern Illinois University & Northwestern University,57.07191238626419 mi
"LINESTRING (-88.3209372 36.616251, -87.3548855 36.53498)",Murray State University & Austin Peay State University,53.95403265144297 mi
"LINESTRING (-88.2271615 40.1019523, -88.17521839999999 39.4835612)",University of Illinois Urbana-Champaign & Eastern Illinois University,42.86149199745837 mi
"LINESTRING (-88.17521839999999 39.4835612, -87.40828069999999 39.4713985)",Eastern Illinois University & Indiana State University,40.95421184088955 mi
"LINESTRING (-87.93101399999999 43.03869549999999, -87.67526699999999 42.05645939999999)",Marquette University & Northwestern University,69.17722257759786 mi
"LINESTRING (-87.93101399999999 43.03869549999999, -87.8819686 43.07826299999999)",Marquette University & University of Wisconsin-Milwaukee,3.6923738106817905 mi
"LINESTRING (-87.9210482 44.5313196, -87.8819686 43.07826299999999)",University of Wisconsin-Green Bay & University of Wisconsin-Milwaukee,100.52307133043959 mi
"LINESTRING (-87.6804676 34.807836, -86.5722237 34.78384090000001)",University of North Alabama & Alabama A&M University,62.96938904148631 mi
"LINESTRING (-87.67526699999999 42.05645939999999, -87.65825919999999 41.9989483)",Northwestern University & Loyola University Chicago,4.072743172623782 mi
"LINESTRING (-87.6727294 37.9634036, -87.5321724 37.9734113)",University of Southern Indiana & University of Evansville,7.695504051511258 mi
"LINESTRING (-87.65825919999999 41.9989483, -87.65416549999999 41.92418680000001)",Loyola University Chicago & DePaul University,5.175343106567986 mi
"LINESTRING (-87.65416549999999 41.92418680000001, -87.60943879999999 41.7179751)",DePaul University & Chicago State University,14.448250660596914 mi
"LINESTRING (-87.60943879999999 41.7179751, -87.04388929999999 41.4639394)",Chicago State University & Valparaiso University,34.12703486120653 mi
"LINESTRING (-87.5401002 33.2114385, -86.7913423 33.4649218)",The University of Alabama & Samford University,46.684409466936216 mi
"LINESTRING (-87.40828069999999 39.4713985, -86.52300729999999 39.1682449)",Indiana State University & Indiana University Bloomington,51.803411317888866 mi
"LINESTRING (-87.3548855 36.53498, -86.8258566 36.1683703)",Austin Peay State University & Tennessee State University,38.87810529752778 mi
"LINESTRING (-87.3548855 36.53498, -86.456 36.9847167)",Austin Peay State University & Western Kentucky University,58.72544616657376 mi
"LINESTRING (-87.04388929999999 41.4639394, -86.2355439 41.7050504)",Valparaiso University & University of Notre Dame,45.0226446513613 mi
"LINESTRING (-86.92119459999999 40.4237054, -86.1712038 39.8410384)",Purdue University & Butler University,56.543667329653566 mi
"LINESTRING (-86.8258566 36.1683703, -86.8026551 36.14470339999999)",Tennessee State University & Vanderbilt University,2.0877218621947007 mi
"LINESTRING (-86.80574949999999 33.5020323, -86.7913423 33.4649218)",University of Alabama at Birmingham & Samford University,2.698042380687182 mi
"LINESTRING (-86.80574949999999 33.5020323, -85.7681921 33.82309530000001)",University of Alabama at Birmingham & Jacksonville State University,63.72545010616949 mi
"LINESTRING (-86.8026551 36.14470339999999, -86.7941702 36.1329081)",Vanderbilt University & Belmont University,0.9435291876092008 mi
"LINESTRING (-86.7988728 36.1046431, -86.36691549999999 35.8486229)",Lipscomb University & Middle Tennessee State University,29.969590245370608 mi
"LINESTRING (-86.7988728 36.1046431, -86.7941702 36.1329081)",Lipscomb University & Belmont University,1.9725939146100973 mi
"LINESTRING (-86.7913423 33.4649218, -86.2939803 32.3629762)",Samford University & Alabama State University,81.50615052348829 mi
"LINESTRING (-86.5722237 34.78384090000001, -86.36691549999999 35.8486229)",Alabama A&M University & Middle Tennessee State University,74.55410328051603 mi
"LINESTRING (-86.5722237 34.78384090000001, -85.2953072 35.0458509)",Alabama A&M University & The University of Tennessee at Chattanooga,74.65588459153157 mi
"LINESTRING (-86.52300729999999 39.1682449, -86.17626059999999 39.773929)",Indiana University Bloomington & IUPUI,45.80209025142863 mi
"LINESTRING (-86.456 36.9847167, -85.75850229999999 38.2122761)",Western Kentucky University & University of Louisville,93.1135421192283 mi
"LINESTRING (-86.36691549999999 35.8486229, -85.50910859999999 36.1763138)",Middle Tennessee State University & Tennessee Tech University,53.075839262793906 mi
"LINESTRING (-86.2939803 32.3629762, -85.9571615 31.80259259999999)",Alabama State University & Troy University,43.496904072024826 mi
"LINESTRING (-86.2939803 32.3629762, -85.4942667 32.59805490000001)",Alabama State University & Auburn University,49.41319517506166 mi
"LINESTRING (-86.2355439 41.7050504, -85.6102506 42.2837337)",University of Notre Dame & Western Michigan University,51.33488080658407 mi
"LINESTRING (-86.2355439 41.7050504, -85.1059405 41.1184535)",University of Notre Dame & Purdue University Fort Wayne,71.27162409267929 mi
"LINESTRING (-86.17626059999999 39.773929, -86.1712038 39.8410384)",IUPUI & Butler University,4.649552661567962 mi
"LINESTRING (-86.1712038 39.8410384, -85.40582409999999 40.2024944)",Butler University & Ball State University,47.62971310607823 mi
"LINESTRING (-85.9571615 31.80259259999999, -84.2984889 30.4418778)",Troy University & Florida State University,136.02471419995697 mi
"LINESTRING (-85.7681921 33.82309530000001, -84.5815717 34.03807839999999)",Jacksonville State University & Kennesaw State University,69.70326788763303 mi
"LINESTRING (-85.75850229999999 38.2122761, -85.7055271 38.21849390000001)",University of Louisville & Bellarmine University,2.9108403392659574 mi
"LINESTRING (-85.7055271 38.21849390000001, -84.5039697 38.0306511)",Bellarmine University & University of Kentucky,66.65702940695189 mi
"LINESTRING (-85.6102506 42.2837337, -84.4815364 42.72965930000001)",Western Michigan University & Michigan State University,65.29617354435105 mi
"LINESTRING (-85.40582409999999 40.2024944, -84.73449149999999 39.5087485)",Ball State University & Miami University,59.77537151481979 mi
"LINESTRING (-85.40582409999999 40.2024944, -85.1059405 41.1184535)",Ball State University & Purdue University Fort Wayne,65.27906672663438 mi
"LINESTRING (-85.2953072 35.0458509, -84.5815717 34.03807839999999)",The University of Tennessee at Chattanooga & Kennesaw State University,80.69860754548777 mi
"LINESTRING (-84.77586389999999 43.5905995, -84.4815364 42.72965930000001)",Central Michigan University & Michigan State University,61.37253510736634 mi
"LINESTRING (-84.73449149999999 39.5087485, -84.17904449999999 39.7401454)",Miami University & University of Dayton,33.64267823820793 mi
"LINESTRING (-84.73449149999999 39.5087485, -84.47406869999999 39.1498065)",Miami University & Xavier University,28.469551295836823 mi
"LINESTRING (-84.5815717 34.03807839999999, -84.39628499999999 33.77561779999999)",Kennesaw State University & Georgia Institute of Technology,21.04020645796834 mi
"LINESTRING (-84.51495039999999 39.13292189999999, -84.47406869999999 39.1498065)",University of Cincinnati & Xavier University,2.484692429648952 mi
"LINESTRING (-84.51495039999999 39.13292189999999, -84.4625345 39.03120349999999)",University of Cincinnati & Northern Kentucky University,7.57757359693521 mi
"LINESTRING (-84.5039697 38.0306511, -84.2987483 37.7359731)",University of Kentucky & Eastern Kentucky University,23.25819090554045 mi
"LINESTRING (-84.4815364 42.72965930000001, -83.7382071 42.277145)",Michigan State University & University of Michigan,49.156407352075526 mi
"LINESTRING (-84.39628499999999 33.77561779999999, -84.38528190000001 33.75306799999999)",Georgia Institute of Technology & Georgia State University,1.6831499153590315 mi
"LINESTRING (-84.38528190000001 33.75306799999999, -83.64969909999999 32.8284878)",Georgia State University & Mercer University,76.800543630574 mi
"LINESTRING (-84.38528190000001 33.75306799999999, -83.375192 33.95666559999999)",Georgia State University & University of Georgia,59.703977403214076 mi
"LINESTRING (-84.2987483 37.7359731, -83.4310035 38.18943)",Eastern Kentucky University & Morehead State University,56.77039208347308 mi
"LINESTRING (-84.2984889 30.4418778, -84.2877093 30.4227211)",Florida State University & Florida A&M University,1.472740130321285 mi
"LINESTRING (-84.2877093 30.4227211, -82.35348400000001 29.644591)",Florida A&M University & University of Florida,127.71362938421056 mi
"LINESTRING (-84.17904449999999 39.7401454, -84.06510779999999 39.77985419999999)",University of Dayton & Wright State University,6.651658838823796 mi
"LINESTRING (-84.06510779999999 39.77985419999999, -83.0304546 40.0066723)",Wright State University & Ohio State University,57.1039440634985 mi
"LINESTRING (-83.92945639999999 35.9544013, -83.1863612 35.3090108)",University of Tennessee & Western Carolina University,61.13784942958253 mi
"LINESTRING (-83.7382071 42.277145, -83.624089 42.25068029999999)",University of Michigan & Eastern Michigan University,6.1215289754759805 mi
"LINESTRING (-83.63009749999999 41.3798424, -83.6142374 41.6578804)",Bowling Green State University & The University of Toledo,19.2486973235917 mi
"LINESTRING (-83.624089 42.25068029999999, -83.1379388 42.4140847)",Eastern Michigan University & University of Detroit Mercy,27.306604986034923 mi
"LINESTRING (-83.624089 42.25068029999999, -83.6142374 41.6578804)",Eastern Michigan University & The University of Toledo,41.00555801798825 mi
"LINESTRING (-83.4310035 38.18943, -82.42471979999999 38.4236597)",Morehead State University & Marshall University,56.9689406144512 mi
"LINESTRING (-83.375192 33.95666559999999, -82.8367119 34.673407)",University of Georgia & Clemson University,58.343884309901476 mi
"LINESTRING (-83.20823469999999 42.6678782, -83.1379388 42.4140847)",Oakland University & University of Detroit Mercy,17.91605203134677 mi
"LINESTRING (-83.1863612 35.3090108, -82.5665332 35.6170787)",Western Carolina University & University of North Carolina Asheville,40.90656948869005 mi
"LINESTRING (-83.1863612 35.3090108, -82.8367119 34.673407)",Western Carolina University & Clemson University,48.22122349177871 mi
"LINESTRING (-83.0304546 40.0066723, -82.10138889999999 39.32435799999999)",Ohio State University & Ohio University,68.36776111947783 mi
"LINESTRING (-82.8367119 34.673407, -82.4400679 34.92747409999999)",Clemson University & Furman University,28.57136264404491 mi
"LINESTRING (-82.5665332 35.6170787, -82.36985299999999 36.30239539999999)",University of North Carolina Asheville & East Tennessee State University,48.66369899545037 mi
"LINESTRING (-82.4400679 34.92747409999999, -81.9711555 34.9996102)",Furman University & University of South Carolina Upstate,27.043980076593417 mi
"LINESTRING (-82.42471979999999 38.4236597, -82.10138889999999 39.32435799999999)",Marshall University & Ohio University,64.68603522009431 mi
"LINESTRING (-82.41385389999999 28.0587031, -81.2000599 28.6024274)",University of South Florida & University of Central Florida,82.91761975672114 mi
"LINESTRING (-82.41385389999999 28.0587031, -81.7800748 26.4626967)",University of South Florida & Florida Gulf Coast University,117.06677638965601 mi
"LINESTRING (-82.36985299999999 36.30239539999999, -81.68432179999999 36.21356280000001)",East Tennessee State University & Appalachian State University,38.72526223267523 mi
"LINESTRING (-82.35348400000001 29.644591, -81.3009245 29.0335139)",University of Florida & Stetson University,76.25053651794053 mi
"LINESTRING (-82.35348400000001 29.644591, -81.6035285 30.3516278)",University of Florida & Jacksonville University,66.4053794810514 mi
"LINESTRING (-81.9711555 34.9996102, -81.9351358 34.9590202)",University of South Carolina Upstate & Wofford College,3.471189956382155 mi
"LINESTRING (-81.9711555 34.9996102, -81.6706979 35.2475249)",University of South Carolina Upstate & Gardner-Webb University,24.144634187422888 mi
"LINESTRING (-81.9351358 34.9590202, -81.87755899999999 34.465182)",Wofford College & Presbyterian College,34.314016361633755 mi
"LINESTRING (-81.87755899999999 34.465182, -81.0299186 33.9937575)",Presbyterian College & University of South Carolina,58.420159744303426 mi
"LINESTRING (-81.7842919 32.4196512, -80.8492832 33.4981687)",Georgia Southern University & South Carolina State University,92.245586412916 mi
"LINESTRING (-81.7800748 26.4626967, -80.3755401 25.7562465)",Florida Gulf Coast University & Florida International University,99.98623486418008 mi
"LINESTRING (-81.67442299999999 41.5027643, -81.34331590000001 41.1497945)",Cleveland State University & Kent State University,29.863427463071705 mi
"LINESTRING (-81.6706979 35.2475249, -81.03199699999999 34.9394013)",Gardner-Webb University & Winthrop University,41.96147092077434 mi
"LINESTRING (-81.6035285 30.3516278, -81.50723140000001 30.2661204)",Jacksonville University & University of North Florida,8.24890006354306 mi
"LINESTRING (-81.50975439999999 41.0716551, -81.34331590000001 41.1497945)",University of Akron & Kent State University,10.219768957597953 mi
"LINESTRING (-81.34331590000001 41.1497945, -80.6480952 41.10664130000001)",Kent State University & Youngstown State University,36.34340942346583 mi
"LINESTRING (-81.3009245 29.0335139, -81.03157399999999 29.2110122)",Stetson University & Bethune-Cookman University,20.3863979150165 mi
"LINESTRING (-81.3009245 29.0335139, -81.2000599 28.6024274)",Stetson University & University of Central Florida,30.437215619405627 mi
"LINESTRING (-81.03199699999999 34.9394013, -80.83297240000002 35.18862599999999)",Winthrop University & Queens University of Charlotte,20.594060043423756 mi
"LINESTRING (-81.0299186 33.9937575, -80.8492832 33.4981687)",University of South Carolina & South Carolina State University,35.818291528572594 mi
"LINESTRING (-80.8492832 33.4981687, -80.07065539999999 32.9821829)",South Carolina State University & Charleston Southern University,57.468569738934036 mi
"LINESTRING (-80.8423248 35.5015528, -80.735164 35.30709289999999)",Davidson College & University of North Carolina at Charlotte,14.744794667355006 mi
"LINESTRING (-80.8423248 35.5015528, -80.2792887 36.1354887)",Davidson College & Wake Forest University,54.03510932741246 mi
"LINESTRING (-80.83297240000002 35.18862599999999, -80.735164 35.30709289999999)",Queens University of Charlotte & University of North Carolina at Charlotte,9.882628929415697 mi
"LINESTRING (-80.6480952 41.10664130000001, -80.2127179 40.5213461)",Youngstown State University & Robert Morris University,46.45780875762633 mi
"LINESTRING (-80.5502298 37.1374838, -80.2792887 36.1354887)",Radford University & Wake Forest University,70.91798826649588 mi
"LINESTRING (-80.5502298 37.1374838, -79.4351978 37.7909313)",Radford University & Virginia Military Institute,76.09211394449841 mi
"LINESTRING (-80.3755401 25.7562465, -80.10190229999999 26.37374729999999)",Florida International University & Florida Atlantic University,45.970449181403715 mi
"LINESTRING (-80.3755401 25.7562465, -80.2781262 25.7173947)",Florida International University & University of Miami,6.637753359170857 mi
"LINESTRING (-80.2792887 36.1354887, -79.9976255 35.97653809999999)",Wake Forest University & High Point University,19.207658932073283 mi
"LINESTRING (-80.2127179 40.5213461, -79.99025759999999 40.4369485)",Robert Morris University & Duquesne University,13.079016300156084 mi
"LINESTRING (-80.07065539999999 32.9821829, -79.0136958 33.79611939999999)",Charleston Southern University & Coastal Carolina University,83.03778084805131 mi
"LINESTRING (-80.07065539999999 32.9821829, -79.9596641 32.7973082)",Charleston Southern University & The Citadel,14.320343889765867 mi
"LINESTRING (-79.9976255 35.97653809999999, -79.8101976 36.0689296)",High Point University & University of North Carolina Greensboro,12.278972974465825 mi
"LINESTRING (-79.99025759999999 40.4369485, -79.9605375 40.44402789999999)",Duquesne University & University of Pittsburgh,1.6393609152874158 mi
"LINESTRING (-79.99025759999999 40.4369485, -79.9697147 39.6480359)",Duquesne University & West Virginia University,54.57787297319081 mi
"LINESTRING (-79.9605375 40.44402789999999, -78.6376191 40.50382)",University of Pittsburgh & Saint Francis University,69.72842334389559 mi
"LINESTRING (-79.9596641 32.7973082, -79.93700179999999 32.7834441)",The Citadel & College of Charleston,1.6297148224546094 mi
"LINESTRING (-79.8101976 36.0689296, -79.77292419999999 36.0806927)",University of North Carolina Greensboro & North Carolina A&T State University,2.236961077260073 mi
"LINESTRING (-79.77292419999999 36.0806927, -79.5023649 36.1028244)",North Carolina A&T State University & Elon University,15.199490861107607 mi
"LINESTRING (-79.5023649 36.1028244, -79.0469134 35.9049122)",Elon University & University of North Carolina at Chapel Hill,28.928514382458992 mi
"LINESTRING (-79.4351978 37.7909313, -79.17841229999999 37.3492244)",Virginia Military Institute & Liberty University,33.6390411782834 mi
"LINESTRING (-79.17841229999999 37.3492244, -78.3961973 37.29717979999999)",Liberty University & Longwood University,43.175042926837456 mi
"LINESTRING (-79.0469134 35.9049122, -78.9382286 36.0014258)",University of North Carolina at Chapel Hill & Duke University,9.032996406018887 mi
"LINESTRING (-79.0349955 43.1369816, -78.7889697 43.0008093)",Niagara University & University at Buffalo,15.596548447777955 mi
"LINESTRING (-79.0136958 33.79611939999999, -77.8696036 34.22387399999999)",Coastal Carolina University & University of North Carolina Wilmington,71.96024540605225 mi
"LINESTRING (-78.9382286 36.0014258, -78.899654 35.97524869999999)",Duke University & North Carolina Central University,2.817616162899177 mi
"LINESTRING (-78.899654 35.97524869999999, -78.6812824 35.7850744)",North Carolina Central University & North Carolina State University,17.96648492838993 mi
"LINESTRING (-78.8697548 38.435092, -78.5079772 38.0335529)",James Madison University & University of Virginia,34.024873590772295 mi
"LINESTRING (-78.8550954 42.9237929, -78.4829439 42.07857680000001)",Canisius University & St. Bonaventure University,61.46434042438873 mi
"LINESTRING (-78.8550954 42.9237929, -78.7889697 43.0008093)",Canisius University & University at Buffalo,6.291271018920111 mi
"LINESTRING (-78.7397718 35.408157, -78.6812824 35.7850744)",Campbell University & North Carolina State University,26.27711598639777 mi
"LINESTRING (-78.6812824 35.7850744, -77.3665364 35.6068806)",North Carolina State University & East Carolina University,74.8734090367229 mi
"LINESTRING (-78.6376191 40.50382, -77.8599084 40.7982133)",Saint Francis University & The Pennsylvania State University,45.609219611874046 mi
"LINESTRING (-78.5079772 38.0335529, -77.31174709999999 38.8314578)",University of Virginia & George Mason University,85.12573278840877 mi
"LINESTRING (-78.5079772 38.0335529, -78.3961973 37.29717979999999)",University of Virginia & Longwood University,51.29938912190133 mi
"LINESTRING (-78.4829439 42.07857680000001, -77.8599084 40.7982133)",St. Bonaventure University & The Pennsylvania State University,94.26715754656644 mi
"LINESTRING (-78.3961973 37.29717979999999, -77.5397192 37.5758243)",Longwood University & University of Richmond,50.83349329690661 mi
"LINESTRING (-77.8599084 40.7982133, -76.88507589999999 40.9547722)",The Pennsylvania State University & Bucknell University,52.11978401641453 mi
"LINESTRING (-77.8599084 40.7982133, -77.3486971 39.6799914)",The Pennsylvania State University & Mount St. Mary's University,81.91851608149537 mi
"LINESTRING (-77.5397192 37.5758243, -77.4527359 37.5526695)",University of Richmond & Virginia Commonwealth University,5.03076639777769 mi
"LINESTRING (-77.4527359 37.5526695, -76.7091042 37.2694402)",Virginia Commonwealth University & William and Mary College,45.308600598901194 mi
"LINESTRING (-77.3486971 39.6799914, -76.61263919999999 39.39251209999999)",Mount St. Mary's University & Towson University,44.01150094932368 mi
"LINESTRING (-77.31174709999999 38.8314578, -77.07225849999999 38.9076089)",George Mason University & Georgetown University,13.93107644443188 mi
"LINESTRING (-77.088922 38.9380155, -77.07225849999999 38.9076089)",American University & Georgetown University,2.286324007339535 mi
"LINESTRING (-77.07225849999999 38.9076089, -77.0470916 38.8991756)",Georgetown University & George Washington University,1.4748948483393927 mi
"LINESTRING (-77.0470916 38.8991756, -77.0194377 38.9226843)",George Washington University & Howard University,2.2043569748367333 mi
"LINESTRING (-77.0194377 38.9226843, -76.9425543 38.9869183)",Howard University & University of Maryland,6.069644468801717 mi
"LINESTRING (-76.9425543 38.9869183, -76.7106829 39.2553955)",University of Maryland & University of Maryland Baltimore County,22.352935131412778 mi
"LINESTRING (-76.7106829 39.2553955, -76.65799729999999 39.31260109999999)",University of Maryland Baltimore County & Coppin State University,4.859201580515806 mi
"LINESTRING (-76.7106829 39.2553955, -76.4839405 38.98206580000001)",University of Maryland Baltimore County & United States Naval Academy,22.4826312212452 mi
"LINESTRING (-76.7091042 37.2694402, -76.3343603 37.02283919999999)",William and Mary College & Hampton University,26.79179159225373 mi
"LINESTRING (-76.65799729999999 39.31260109999999, -76.6172375 39.3476737)",Coppin State University & Loyola University Maryland,3.2619606192504835 mi
"LINESTRING (-76.6172375 39.3476737, -76.5843847 39.3437959)",Loyola University Maryland & Morgan State University,1.777632164788957 mi
"LINESTRING (-76.6172375 39.3476737, -76.61263919999999 39.39251209999999)",Loyola University Maryland & Towson University,3.111086678968064 mi
"LINESTRING (-76.61263919999999 39.39251209999999, -75.7506114 39.6779504)",Towson University & University of Delaware,50.04300947066653 mi
"LINESTRING (-76.4735027 42.4534492, -76.1336922 43.03865020000001)",Cornell University & Syracuse University,44.00327484780821 mi
"LINESTRING (-76.4735027 42.4534492, -75.9694885 42.0894288)",Cornell University & Binghamton University,36.04698090006731 mi
"LINESTRING (-76.3343603 37.02283919999999, -76.3058786 36.8853217)",Hampton University & Old Dominion University,9.641124046682169 mi
"LINESTRING (-76.3058786 36.8853217, -76.2620987 36.8479292)",Old Dominion University & Norfolk State University,3.543760428625543 mi
"LINESTRING (-76.1336922 43.03865020000001, -75.5407355 42.8155894)",Syracuse University & Colgate University,33.76208836062682 mi
"LINESTRING (-75.7506114 39.6779504, -75.3425785 40.0368926)",University of Delaware & Villanova University,32.95062637678378 mi
"LINESTRING (-75.7506114 39.6779504, -75.54340309999999 39.1852205)",University of Delaware & Delaware State University,35.83354815827219 mi
"LINESTRING (-75.6848002 38.2102166, -75.54340309999999 39.1852205)",University of Maryland Eastern Shore & Delaware State University,67.86903670613131 mi
"LINESTRING (-75.5407355 42.8155894, -73.8247903 42.6850273)",Colgate University & University at Albany,87.61949657446021 mi
"LINESTRING (-75.3775187 40.6048687, -75.2101079 40.69847129999999)",Lehigh University & Lafayette College,10.912997283108814 mi
"LINESTRING (-75.3425785 40.0368926, -75.2061581 39.9657716)",Villanova University & Saint Joseph's University,8.743281360239303 mi
"LINESTRING (-75.2101079 40.69847129999999, -74.7407633 40.2811583)",Lafayette College & Rider University,37.982848955056426 mi
"LINESTRING (-75.2061581 39.9657716, -75.18994409999999 39.95661269999999)",Saint Joseph's University & Drexel University,1.0678093278323946 mi
"LINESTRING (-75.1932137 39.9522188, -75.18994409999999 39.95661269999999)",University of Pennsylvania & Drexel University,0.34988072679609683 mi
"LINESTRING (-75.18994409999999 39.95661269999999, -75.1553563 39.9811911)",Drexel University & Temple University,2.500345566062612 mi
"LINESTRING (-75.1558184 40.0390398, -74.7407633 40.2811583)",La Salle University & Rider University,27.601089435356474 mi
"LINESTRING (-75.1558184 40.0390398, -75.1553563 39.9811911)",La Salle University & Temple University,4.001318961446077 mi
"LINESTRING (-74.7407633 40.2811583, -74.65507389999999 40.3430942)",Rider University & Princeton University,6.227172047167763 mi
"LINESTRING (-74.65507389999999 40.3430942, -74.0054114 40.28027579999999)",Princeton University & Monmouth University,34.539231967398734 mi
"LINESTRING (-74.246082 40.7430841, -74.1793225 40.74234619999999)",Seton Hall University & New Jersey Institute of Technology,3.498873017615761 mi
"LINESTRING (-74.1793225 40.74234619999999, -74.17418909999999 40.7416983)",New Jersey Institute of Technology & Rutgers University,0.27272331353230556 mi
"LINESTRING (-74.17418909999999 40.7416983, -74.07003259999999 40.72694920000001)",Rutgers University & Saint Peter's University,5.553465730667845 mi
"LINESTRING (-74.09438229999999 40.6149557, -73.98654619999999 40.69011359999999)",Wagner College & St. Francis College,7.684117350602369 mi
"LINESTRING (-74.09438229999999 40.6149557, -74.0054114 40.28027579999999)",Wagner College & Monmouth University,23.617886974010517 mi
"LINESTRING (-74.07003259999999 40.72694920000001, -73.9625727 40.8075355)",Saint Peter's University & Columbia University,7.92199234585547 mi
"LINESTRING (-74.07003259999999 40.72694920000001, -73.98654619999999 40.69011359999999)",Saint Peter's University & St. Francis College,5.064807513234682 mi
"LINESTRING (-74.0303046 40.898241, -73.9011239 40.8900515)",Fairleigh Dickinson University & Manhattan College,6.777929071371523 mi
"LINESTRING (-73.98654619999999 40.69011359999999, -73.9805528 40.691145)",St. Francis College & Long Island University Brooklyn,0.3223210792392701 mi
"LINESTRING (-73.9805528 40.691145, -73.7947689 40.72159789999999)",Long Island University Brooklyn & St John's University,9.966361875110135 mi
"LINESTRING (-73.9625727 40.8075355, -73.8852771 40.8614567)",Columbia University & Fordham University,5.502019958707366 mi
"LINESTRING (-73.95710729999999 41.3889095, -73.78634939999999 40.9270597)",United States Military Academy & Iona University,33.15950597502566 mi
"LINESTRING (-73.95710729999999 41.3889095, -73.9344876 41.7231052)",United States Military Academy & Marist College,23.145076435765077 mi
"LINESTRING (-73.9011239 40.8900515, -73.78634939999999 40.9270597)",Manhattan College & Iona University,6.522925580758996 mi
"LINESTRING (-73.9011239 40.8900515, -73.8852771 40.8614567)",Manhattan College & Fordham University,2.144453561427203 mi
"LINESTRING (-73.8247903 42.6850273, -73.7513323 42.71894959999999)",University at Albany & Siena College,4.409905230692694 mi
"LINESTRING (-73.7947689 40.72159789999999, -73.5993965 40.7166872)",St John's University & Hofstra University,10.247656780373811 mi
"LINESTRING (-73.7513323 42.71894959999999, -72.5300515 42.3867598)",Siena College & University of Massachusetts Amherst,66.33287702330837 mi
"LINESTRING (-73.5993965 40.7166872, -73.1204032 40.908119)",Hofstra University & Stony Brook University,28.35625582433066 mi
"LINESTRING (-73.2575513 41.1598949, -73.24239469999999 41.220562)",Fairfield University & Sacred Heart University,4.26970086881959 mi
"LINESTRING (-73.2575513 41.1598949, -73.1204032 40.908119)",Fairfield University & Stony Brook University,18.82747313965489 mi
"LINESTRING (-73.24239469999999 41.220562, -72.92234309999999 41.3163244)",Sacred Heart University & Yale University,17.90877983530306 mi
"LINESTRING (-73.1964637 44.4778528, -72.2886934 43.70444059999999)",University of Vermont & Dartmouth College,69.96617199346667 mi
"LINESTRING (-72.92234309999999 41.3163244, -72.89364929999999 41.4189262)",Yale University & Quinnipiac University,7.251321183480046 mi
"LINESTRING (-72.89364929999999 41.4189262, -72.7638508 41.6931245)",Quinnipiac University & Central Connecticut State University,20.12031033605789 mi
"LINESTRING (-72.7638508 41.6931245, -72.2539805 41.8077414)",Central Connecticut State University & University of Connecticut,27.47895880855248 mi
"LINESTRING (-72.5300515 42.3867598, -71.8079608 42.2392391)",University of Massachusetts Amherst & College of the Holy Cross,38.31677539035553 mi
"LINESTRING (-72.2886934 43.70444059999999, -70.92890539999999 43.1373391)",Dartmouth College & University of New Hampshire,78.77189961554713 mi
"LINESTRING (-72.2539805 41.8077414, -71.8079608 42.2392391)",University of Connecticut & College of the Holy Cross,37.6292905609898 mi
"LINESTRING (-71.8079608 42.2392391, -71.53772649999999 41.9220919)",College of the Holy Cross & Bryant University,25.954798794307237 mi
"LINESTRING (-71.53772649999999 41.9220919, -71.4347475 41.8440047)",Bryant University & Providence College,7.569237231976653 mi
"LINESTRING (-71.53067879999999 41.4862328, -71.4025482 41.82677179999999)",University of Rhode Island & Brown University,24.467209281771705 mi
"LINESTRING (-71.4347475 41.8440047, -71.4025482 41.82677179999999)",Providence College & Brown University,2.04309661475758 mi
"LINESTRING (-71.4025482 41.82677179999999, -71.08091300000001 42.05810530000001)",Brown University & Stonehill College,23.018251037754435 mi
"LINESTRING (-71.3247164 42.6552587, -71.1234527 42.6673814)",University of Massachusetts Lowell & Merrimack College,10.271313493200237 mi
"LINESTRING (-71.16849450000001 42.3355488, -71.1053991 42.3504997)",Boston College & Boston University,3.3873610662784497 mi
"LINESTRING (-71.1234527 42.6673814, -70.92890539999999 43.1373391)",Merrimack College & University of New Hampshire,33.96736044774931 mi
"LINESTRING (-71.1234527 42.6673814, -71.1182488 42.3744368)",Merrimack College & Harvard University,20.263952388486945 mi
"LINESTRING (-71.1182488 42.3744368, -71.1053991 42.3504997)",Harvard University & Boston University,1.7811541742824728 mi
"LINESTRING (-71.1053991 42.3504997, -71.0898892 42.339904)",Boston University & Northeastern University,1.079715295072215 mi
"LINESTRING (-71.0898892 42.339904, -71.08091300000001 42.05810530000001)",Northeastern University & Stonehill College,19.49670885162739 mi
"LINESTRING (-70.92890539999999 43.1373391, -68.66882509999999 44.901867)",University of New Hampshire & University of Maine,165.9148013775058 mi
